ticker_name,ticker_bse,date_of_filing,type_of_filing,summary_filing,sentiment_from_filing,relevance_from_filing,word_length,filing_url
ICICIBANK,532174,2025-03-24,general,"This is further to the disclosure made by ICICI Bank Limited (Bank) on March 11, 2025,                 Ref. : Scheme of Arrangement amongst ICICi Securities Limited, ICIC I Bank Limited and their respective shareholders (“Scheme”) for Delisting of  shares.",36,0,265,https://www.bseindia.com/xml-data/corpfiling/AttachLive/36e6823e-a5b5-44f1-859f-0dc2fcf9557d.pdf
TCS,532540,2025-03-24,general,The Press release is self -explanatory. We are sending herewith copy of the Press Release titled “ 24-year -old Taiwanese  Student                   ‘World’s Best Coder’ at TCS CodeVita 2025 ” which will be disseminated ‘shortly’,63,0,1060,https://www.bseindia.com/xml-data/corpfiling/AttachLive/8669f289-f5a3-4003-bfac-d6c8aac70f32.pdf
LT,500510,2025-03-24,general,"The Trading Window for dealing  in the Company's Securities will re main closed from Tuesday, April 1, 202 5. The c losure is in connection with the declaration of financial results of the Company.",29,0,194,https://www.bseindia.com/xml-data/corpfiling/AttachLive/83596997-34ad-44ee-9d31-653820c90365.pdf
LT,500510,2025-03-24,general,"Larsen & Toubr o Limited is a leading energy company based in Mumbai, India. Larsen and Toubro are working with John Cockerill Energy to explore specific green -power technologies. The company has issued a P ress Release that is being issued by the Company in connection with the above.",31,0,970,https://www.bseindia.com/xml-data/corpfiling/AttachLive/5bf324bf-c8bf-44a9-8091-e0aed954be03.pdf
HINDUNILVR,500696,2025-03-24,general,"Board Meeting to consider Audited Standalone and Consolidated Financial Results for the quarter  and financial year ending 31st March, 202 5 and recommendation of Final Dividend, if any.",0,20,303,https://www.bseindia.com/xml-data/corpfiling/AttachLive/b816b954-ba6b-4163-a5d6-7f6d014613a0.pdf
HCLTECH,532281,2025-03-24,general,"The ‘Trading Window’ for dealing in the equity shares of HCL Technologies Ltd. will remain closed from the start of business on March 25, 2025 and shall re-open on March 24, 2025.",29,0,177,https://www.bseindia.com/xml-data/corpfiling/AttachLive/77d1b50b-ff8f-4873-9941-1cefb58797ab.pdf
HCLTECH,532281,2025-03-24,general,"Board Meeting to consider audited financial results & payment of interim dividend. Board meeting to be held on April 21 & 22, 2025 to consider Audited Financial Results of the Company for the financial year.",0,20,204,https://www.bseindia.com/xml-data/corpfiling/AttachLive/2badff68-f768-4754-ae45-f799002e083f.pdf
HCLTECH,532281,2025-03-24,general,"HCL Technologies Ltd. is a leading technology company based in Mumbai, India. HCL Technologies is a member of the Bombay Stock Exchange (BSE), which is the world's second largest stock exchange. The company has been in business for over 20 years.",0,20,753,https://www.bseindia.com/xml-data/corpfiling/AttachLive/124b462a-2e9b-463c-8a41-533f2e1c027b.pdf
M&M,500520,2025-03-24,general,"The shares have been transferred by the Trust on 24th March, 2025, pursuant to the exercise of the Stock Options granted under the Company’s Employees’ Stock Option Scheme. The same is marked as Annexure I.",75,0,736,https://www.bseindia.com/xml-data/corpfiling/AttachLive/9d83606a-4319-4000-8884-7398945d238e.pdf
M&M,500520,2025-03-24,general,Mahindra & Mahindra Ltd. has come across the following information. The information has been submitted under Regulation 30 (11) of the SEBI (Listing Obligations and Disclosure Requirements) (“Listing Regulations”),0,20,293,https://www.bseindia.com/xml-data/corpfiling/AttachLive/82fe2c20-9a65-45c4-a8bb-483d47b265c8.pdf
POWERGRID,532898,2025-03-24,general,National Stock Exchange of India Limited (NSE) is a member of the Bombay Stock Exchange (BSE) NSE is owned by a group of companies called Powergrid. Powergrid is a subsidiary of the Indian Power Grid Company (IPG),-22,20,801,https://www.bseindia.com/xml-data/corpfiling/AttachLive/155ed51e-021e-4978-9944-b75e23094013.pdf
POWERGRID,532898,2025-03-24,general,"Corporate Office: “Saudamini”, Plot No. 2, Sector-29, Gurugram-122001, (Haryana) Tel.: 0124-2822999 & 2822000. Registered Office: B-9, Qutab Institutional Area, Katwaria Sarai, New Delhi-110 016.",0,20,836,https://www.bseindia.com/xml-data/corpfiling/AttachLive/b4b970b5-31e3-4960-b660-e515482fb9ad.pdf
POWERGRID,532898,2025-03-24,general,"Corporate Office: “Saudamini”, Plot No. 2, Sector-29, Gurugram-122001, (Haryana) Tel.: 0124-2822999 & 2822000. Registered Office: B-9, Qutab Institutional Area, Katwaria Sarai, New Delhi-110 016.",0,20,825,https://www.bseindia.com/xml-data/corpfiling/AttachLive/502e2f95-9d2b-4f64-a24d-05679feddcb7.pdf
NTPC,532555,2025-03-24,general,"NTPC Limited is a Government of India Enterprise. NTPCL is the owner of the Kerandari Coal Mining Project (KDCMP) The project is being operated under the terms of Regulation 30 of the Mines and Minerals Act, 2013.",-22,0,145,https://www.bseindia.com/xml-data/corpfiling/AttachLive/7d93e41e-f9c6-4e72-8119-05066127d481.pdf
INDUSINDBK,532187,2025-03-24,general,"A penalty of Rs. 30,15,18,000 has been imposed on the Bank by Joint Commissioner of CGST & Central Excise. The Bank will explore filing of an appeal.",-51,0,300,https://www.bseindia.com/xml-data/corpfiling/AttachLive/ea25097b-6dc3-4b2e-b8a4-67b47454c730.pdf
BAJAJFINSV,532978,2025-03-24,general,"Bajaj Finserv Corporate Office is located at Viman Nagar, Pune - 411 014, Maharashtra, India. Tel: +91 20 7150 5700 | Fax: + 91 20 7 150 5792. Registered Office: C/o Bajaj Auto Limited Complex, Mumbai - Pune Road, Akurdi, Puni - 411 035, Maharashtra.",-22,40,1611,https://www.bseindia.com/xml-data/corpfiling/AttachLive/2af40966-018a-41ad-9960-82905bc74101.pdf
WIPRO,507685,2025-03-24,general,"Crowdsprint P ty Ltd   -  Australia has been voluntarily de-registered with effect from March 21, 2025. The Company received confirmation  of the aforesaid liquidation from Australian Securities & Investments Commission on March 24, 2025 . The details as required under SEBI (Listing Obligations and Disclosure Requirements) Regulations, 2015 read with SEBI Circular No. SEBI/HO/CF.",58,0,445,https://www.bseindia.com/xml-data/corpfiling/AttachLive/6327d838-34ed-4db4-831a-0701b8483052.pdf
WIPRO,507685,2025-03-24,earnings,Wipro Announces AI Agent Solutions Across the Healthcare Industry. Wipro’s agents for Agentforce will elevate efficiency and customer satisfaction at  healthcare companies.,72,80,907,https://www.bseindia.com/xml-data/corpfiling/AttachLive/cb27a973-d8ff-4274-ae42-b346b34a84d4.pdf
